<?xml version="1.0" encoding="UTF-8"?>
<!-- XML Generated On: 04 August 2012 03:25 PM -->
<swiftlanguage>
<title><![CDATA[Русский]]></title>
<isocode><![CDATA[ru]]></isocode>
<author><![CDATA[Sergey Brovko]]></author>
<charset><![CDATA[UTF-8]]></charset>
<textdirection><![CDATA[LTR]]></textdirection>
<version><![CDATA[4.40.1148]]></version>
<flagicon><![CDATA[{$themepath}ru.gif]]></flagicon>
<phrase section="users" code="accountinformation"><![CDATA[Информация о аккаунте]]></phrase>
<phrase section="ticketemails" code="acfinalintro"><![CDATA[Это сообщение касается вашего тикета ID #%s. Мы сменили статус вашего тикета на '%s' поскольку не получили ответа от вас в течении %s часов.]]></phrase>
<phrase section="ticketemails" code="acfinalsubfooter"><![CDATA[Если у вас возникли дополнительные вопросы,то дайте нам знать. Вы можете проверить статус или ответить на этот тикет по адресу: ]]></phrase>
<phrase section="ticketemails" code="acpendingintro"><![CDATA[Это сообщение касательно вашего тикета ID #%s. Мы не получили ответа от вас в течении %s часов и хотели бы знать,ваш вопрос решен?. Если у вас возникли дополнительные вопросы, просто ответьте на это письмо.]]></phrase>
<phrase section="ticketemails" code="acpendingsubfooter"><![CDATA[Пожалуйста,обратите внимание,на то,что тикет будет автоматически закрыт в течении %s часов, если мы не получим ответа от вас. Тикет не будет закрыт в случае,если вы добавите еще один ответ. Вы можете проверить статус или ответить на этот тикет по адресу: ]]></phrase>
<phrase section="default" code="action_notreg"><![CDATA[Действие %s не зарегистрировано]]></phrase>
<phrase section="livechatclient" code="alloperatorsbusy"><![CDATA[Ваш запрос очень важен для нас. Пожалуйста подождите, наш оператор свяжется с вами в ближайшее время.]]></phrase>
<phrase section="ticketemails" code="ardepartment"><![CDATA[Отдел: ]]></phrase>
<phrase section="ticketemails" code="aremail"><![CDATA[E-mail: ]]></phrase>
<phrase section="ticketemails" code="arfooter"><![CDATA[С наилучшими пожеланиями,]]></phrase>
<phrase section="ticketemails" code="arintro"><![CDATA[Благодарим вас за обращение. Это автоматическое сообщение, подтверждающее получение нами вашего тикета. Наши сотрудники ответят вам в ближайшее время. Подробности о вашем тикете указаны ниже. При ответе, сохраняйте ID тикета в теме,для правильного отслеживания ваших тикетов.]]></phrase>
<phrase section="ticketemails" code="arpassword"><![CDATA[Пароль: ]]></phrase>
<phrase section="ticketemails" code="arpriority"><![CDATA[Приоритет: ]]></phrase>
<phrase section="ticketemails" code="arstatus"><![CDATA[Статус: ]]></phrase>
<phrase section="ticketemails" code="arsubfooter"><![CDATA[Вы можете проверить статус или ответить на тикет перейдя по: ]]></phrase>
<phrase section="ticketemails" code="arsubject"><![CDATA[Тема: ]]></phrase>
<phrase section="ticketemails" code="articketid"><![CDATA[ID тикета: ]]></phrase>
<phrase section="knowledgebase" code="articlehelpful"><![CDATA[Эта статья оказалась полезной]]></phrase>
<phrase section="knowledgebase" code="articlenothelpful"><![CDATA[Эта статья не оказалась полезной]]></phrase>
<phrase section="knowledgebase" code="articlevotes"><![CDATA[голосов]]></phrase>
<phrase section="ticketemails" code="artype"><![CDATA[Тип: ]]></phrase>
<phrase section="tickets" code="badgebcc"><![CDATA[Скрытая копия]]></phrase>
<phrase section="tickets" code="badgecc"><![CDATA[Получатель]]></phrase>
<phrase section="tickets" code="badgestaff"><![CDATA[Поддержка]]></phrase>
<phrase section="tickets" code="badgethirdparty"><![CDATA[Третья сторона]]></phrase>
<phrase section="tickets" code="badgeuser"><![CDATA[Пользователь]]></phrase>
<phrase section="default" code="buttonback"><![CDATA[&laquo; Назад]]></phrase>
<phrase section="default" code="buttonnext"><![CDATA[Далее &raquo;]]></phrase>
<phrase section="default" code="buttonsend"><![CDATA[Отправить]]></phrase>
<phrase section="livechatclient" code="buttonstartchat"><![CDATA[Начать чат]]></phrase>
<phrase section="default" code="buttonsubmit"><![CDATA[Отправить]]></phrase>
<phrase section="default" code="buttonupdate"><![CDATA[Обновить]]></phrase>
<phrase section="default" code="bytes"><![CDATA[байт]]></phrase>
<phrase section="mime" code="bz"><![CDATA[BZ файл]]></phrase>
<phrase section="mime" code="bz2"><![CDATA[BZ2 файл]]></phrase>
<phrase section="livechatclient" code="callme"><![CDATA[Позвонить мне]]></phrase>
<phrase section="default" code="cancel"><![CDATA[Отмена]]></phrase>
<phrase section="default" code="captchadesc"><![CDATA[Введите текст с изображения в форму ниже. Это требуется для предотвращения автоматических регистраций]]></phrase>
<phrase section="default" code="captchaverification"><![CDATA[Проверка CAPTCHA]]></phrase>
<phrase section="users" code="changepasswordtitle"><![CDATA[Изменить пароль]]></phrase>
<phrase section="default" code="charset"><![CDATA[UTF-8]]></phrase>
<phrase section="livechatclient" code="chatendednotification"><![CDATA[Чат завершен.]]></phrase>
<phrase section="livechatclient" code="chatendednotificationsub"><![CDATA[Нажмите здесь, чтобы оставить короткий отзыв о уровне сервиса полученного во сеанса поддержки.]]></phrase>
<phrase section="livechatclient" code="chatendleavemsg"><![CDATA[Нажмите здесь,чтобы оставить сообщение.]]></phrase>
<phrase section="livechatclient" code="chatendsurvey"><![CDATA[Если вы хотите оставить краткий отзыв о уровне сервиса полученного во время сеанса поддержки,нажмите Отмена, в противном случае нажмите ОК,чтобы закрыть окно]]></phrase>
<phrase section="livechatclient" code="chatenter"><![CDATA[%s присоединился к конференции.]]></phrase>
<phrase section="livechatclient" code="chatexpired"><![CDATA[Чат завершен или сессия истекла.]]></phrase>
<phrase section="livechatclient" code="chatleave"><![CDATA[%s покинул конференцию.]]></phrase>
<phrase section="livechatclient" code="chatsendemaildesc"><![CDATA[Копия разговора будет отправлена по адресу указанному ниже:]]></phrase>
<phrase section="livechatclient" code="chattemplategroup"><![CDATA[Группа шаблонов]]></phrase>
<phrase section="livechatclient" code="clickforlivechat"><![CDATA[Нажмите здесь,чтобы начать чат]]></phrase>
<phrase section="livechatclient" code="clickleavemessage"><![CDATA[Чат неактивен. Нажмите здесь,чтобы отправить сообщение.]]></phrase>
<phrase section="livechatclient" code="clicktocall"><![CDATA[Нажмите здесь,для мгновенного вызова]]></phrase>
<phrase section="livechatclient" code="clicktocalltab"><![CDATA[Нажмите для вызова]]></phrase>
<phrase section="default" code="close"><![CDATA[Закрыть]]></phrase>
<phrase section="default" code="commentconfirmation"><![CDATA[Спасибр за отзыв. Ваш комментарий будет рассмотрен администрацией и допущен для просмотра другими сотрудниками поддержки]]></phrase>
<phrase section="default" code="commentdata"><![CDATA[Комментарии:]]></phrase>
<phrase section="default" code="commentemail"><![CDATA[E-mail:]]></phrase>
<phrase section="default" code="commentfullname"><![CDATA[Полное имя:]]></phrase>
<phrase section="default" code="comments"><![CDATA[Комментарии]]></phrase>
<phrase section="default" code="copyright"><![CDATA[Все права защищены &copy; Oxnull.net]]></phrase>
<phrase section="default" code="creationfailed"><![CDATA[Ошибка создания обьекта.]]></phrase>
<phrase section="default" code="defaulttimezone"><![CDATA[-- Часовой пояс по умолчанию --]]></phrase>
<phrase section="default" code="defaulttitle"><![CDATA[<a href="http://oxnull.net" target="_blank" class="bottomfooterlink">Техническая поддержка Oxnull.net</a> ]]></phrase>
<phrase section="mime" code="doc"><![CDATA[Документ MS Word]]></phrase>
<phrase section="mime" code="docx"><![CDATA[Документ MS Word]]></phrase>
<phrase section="users" code="emailaccounts"><![CDATA[E-mail аккаунты]]></phrase>
<phrase section="default" code="emailinvalid"><![CDATA[Указан неправильный e-mail]]></phrase>
<phrase section="users" code="emailuserpw"><![CDATA[Новый пароль:]]></phrase>
<phrase section="default" code="errcaptchainvalid"><![CDATA[Код подтверждения CAPTCHA не совпадает.]]></phrase>
<phrase section="users" code="errorinvalidfileext"><![CDATA[Неверное расширения изображения. Разрешенные типы изображений: gif, jpeg, jpg, png]]></phrase>
<phrase section="default" code="errorsmtpconnect"><![CDATA[Невозможно присоединиться к SMTP серверу]]></phrase>
<phrase section="tickets" code="errstinvaliddepartmentid"><![CDATA[Указан неверный ID отдела; Укажите правильный отдел]]></phrase>
<phrase section="default" code="event_notreg"><![CDATA[Событие %s не зарегистрировано]]></phrase>
<phrase section="users" code="existingpassword"><![CDATA[Текущий пароль:]]></phrase>
<phrase section="users" code="existingpwdoesnotmatch"><![CDATA[Указан неверный пароль. Невозможно продолжить.]]></phrase>
<phrase section="livechatclient" code="fieldchatstaff"><![CDATA[Поддержка:]]></phrase>
<phrase section="livechatclient" code="fieldchatsubject"><![CDATA[Ваш вопрос:]]></phrase>
<phrase section="livechatclient" code="fieldcomments"><![CDATA[Комментарии:]]></phrase>
<phrase section="livechatclient" code="fielddepartment"><![CDATA[Отдел:]]></phrase>
<phrase section="livechatclient" code="fieldemail"><![CDATA[E-mail:]]></phrase>
<phrase section="livechatclient" code="fieldfullname"><![CDATA[Полное имя:]]></phrase>
<phrase section="livechatclient" code="fieldmessage"><![CDATA[Сообщение:]]></phrase>
<phrase section="livechatclient" code="fieldphone"><![CDATA[Телефон:]]></phrase>
<phrase section="livechatclient" code="fieldrating"><![CDATA[Рейтинг:]]></phrase>
<phrase section="livechatclient" code="fieldsubject"><![CDATA[Тема:]]></phrase>
<phrase section="default" code="file"><![CDATA[Файл]]></phrase>
<phrase section="default" code="filterkb"><![CDATA[База знаний]]></phrase>
<phrase section="default" code="filternews"><![CDATA[Категории новостей]]></phrase>
<phrase section="users" code="forgotpasswordemail"><![CDATA[Мы получили запрос на сброс пароля вашей учетной записи %1$s  (%2$s). Если вы считаете, что получили это сообщение по ошибке, удалите его.

Чтобы сбросить пароль, нажмите на ссылку ниже или скопируйте и вставьте в адресную строку браузера:

%3$s

С уважением,


%1$s]]></phrase>
<phrase section="default" code="gb"><![CDATA[ГБ]]></phrase>
<phrase section="default" code="generalinformation"><![CDATA[Общая информация]]></phrase>
<phrase section="users" code="generaloptions"><![CDATA[Общие настройки]]></phrase>
<phrase section="users" code="generatepasswordemailsubject"><![CDATA[Новый пароль для %s]]></phrase>
<phrase section="users" code="generatepasswordfooter"><![CDATA[Для получения дополнительной информации или если вы считаете,что это было сделано без вашего ведома, посетите нашу службу поддержки,нажав на ссылку ниже.]]></phrase>
<phrase section="users" code="generatepasswordintro"><![CDATA[Ваш пароль от системы поддержки был сброшен и может быть найден ниже:]]></phrase>
<phrase section="mime" code="gif"><![CDATA[GIF изображение]]></phrase>
<phrase section="mime" code="gz"><![CDATA[GZIP файл]]></phrase>
<phrase section="default" code="hidden"><![CDATA[[ Скрыто ]]]></phrase>
<phrase section="tickets" code="hideresolvedt"><![CDATA[Скрыть разрешенные тикеты]]></phrase>
<phrase section="default" code="home"><![CDATA[Главная страница]]></phrase>
<phrase section="mime" code="htm"><![CDATA[HTML страница]]></phrase>
<phrase section="mime" code="html"><![CDATA[HTML страница]]></phrase>
<phrase section="mime" code="ico"><![CDATA[Иконка]]></phrase>
<phrase section="tickets" code="invalidattachments"><![CDATA[Ваше вложение было отклонено (превышен размер/запрещенное расширение): %s]]></phrase>
<phrase section="default" code="invalidemail"><![CDATA[Указан неверный e-mail]]></phrase>
<phrase section="users" code="invalidorganization"><![CDATA[Организация не существует. Свяжитесь со службой поддержки.]]></phrase>
<phrase section="news" code="invalidsubscriberhash"><![CDATA[Неверный хеш подписчика]]></phrase>
<phrase section="default" code="invaliduser"><![CDATA[Неверный e-mail или пароль]]></phrase>
<phrase section="default" code="invaliduseracc"><![CDATA[Неверный аккаунт пользователя. Аккаунт не существует]]></phrase>
<phrase section="default" code="invaliduserdisabled"><![CDATA[Невозможно войти. Аккаунт пользователя отключен]]></phrase>
<phrase section="default" code="invaliduserexpired"><![CDATA[Невозможно войти. Срок действия аккаунта пользователя истек]]></phrase>
<phrase section="default" code="invalidusertgroupres"><![CDATA[Невозможно войти. Группа данного пользователя не имеет доступа к данной группе шаблонов.]]></phrase>
<phrase section="users" code="invalidverifyhash"><![CDATA[Неверный или истекший хеш]]></phrase>
<phrase section="tickets" code="irsdesc"><![CDATA[Следующие статьи базы знаний могут помочь вам в вашем вопросе.  Уделите им время,перед отправкой тикета.]]></phrase>
<phrase section="tickets" code="irsloading"><![CDATA[Загрузка данных из базы знаний...]]></phrase>
<phrase section="tickets" code="irsnoresults"><![CDATA[Похожих статей в базе знаний не найдено.]]></phrase>
<phrase section="tickets" code="irssuggestions"><![CDATA[Похожее в базе знаний]]></phrase>
<phrase section="livechatclient" code="istyping"><![CDATA[%s печатает...]]></phrase>
<phrase section="mime" code="jar"><![CDATA[JAR файл]]></phrase>
<phrase section="livechatclient" code="joinedchat"><![CDATA[Вы общаетесь с %s - %s]]></phrase>
<phrase section="livechatclient" code="joinedchatdep"><![CDATA[Вы общаетесь с %s]]></phrase>
<phrase section="mime" code="jpeg"><![CDATA[JPEG изображение]]></phrase>
<phrase section="mime" code="jpg"><![CDATA[JPEG изображение]]></phrase>
<phrase section="default" code="kb"><![CDATA[КБ]]></phrase>
<phrase section="knowledgebase" code="kbattachments"><![CDATA[Вложения]]></phrase>
<phrase section="knowledgebase" code="kbnopermission"><![CDATA[У вас нет прав для просмотра данной статьи, или статья не существует.]]></phrase>
<phrase section="knowledgebase" code="knowledgebase"><![CDATA[База знаний]]></phrase>
<phrase section="default" code="languagefield"><![CDATA[Язык:]]></phrase>
<phrase section="default" code="latestupdates"><![CDATA[Последние обновления]]></phrase>
<phrase section="livechatclient" code="lcemail"><![CDATA[E-mail]]></phrase>
<phrase section="livechatclient" code="lcprint"><![CDATA[Распечатать]]></phrase>
<phrase section="livechatclient" code="lcsoundoff"><![CDATA[Звук: Выкл]]></phrase>
<phrase section="livechatclient" code="lcsoundon"><![CDATA[Звук: Вкл]]></phrase>
<phrase section="livechatclient" code="leaveamessage"><![CDATA[Оставить сообщение]]></phrase>
<phrase section="livechatclient" code="leavemessageconfirmheader"><![CDATA[Спасибо,что связались с нами. Сотрудники поддержки ответят вам в ближайшее время.]]></phrase>
<phrase section="livechatclient" code="leavemessageheader"><![CDATA[Чтобы оказать вам более правильную помощь, укажите некоторую информацию перед отправкой тикета.]]></phrase>
<phrase section="livechatclient" code="livechat"><![CDATA[Чат]]></phrase>
<phrase section="livechatclient" code="livechat_emailsubject"><![CDATA[%s - чат с%s]]></phrase>
<phrase section="livechatclient" code="livechatheader"><![CDATA[Чтобы оказать вам более правильную помощь, укажите некоторую информацию перед началом чата.]]></phrase>
<phrase section="livechatclient" code="livechatheadercall"><![CDATA[Укажите номер телефона или другую информацию перед вызовом.]]></phrase>
<phrase section="default" code="loggedinfromstaff"><![CDATA[Вы вошли как: %s]]></phrase>
<phrase section="default" code="login"><![CDATA[Войти]]></phrase>
<phrase section="default" code="loginenteremail"><![CDATA[Ваш e-mail]]></phrase>
<phrase section="default" code="logintocontinue"><![CDATA[Войдите для продолжения]]></phrase>
<phrase section="default" code="logout"><![CDATA[Выйти]]></phrase>
<phrase section="default" code="lostpassword"><![CDATA[Забыли пароль?]]></phrase>
<phrase section="users" code="lostpassworddesc"><![CDATA[Укажите в поле ниже e-mail адрес, на который был зарегистрирован аккаунт и нажмите кнопку Отправить. Вы получите сообщение с ссылкой на сброс пароля в ближайшее время]]></phrase>
<phrase section="users" code="lostpasswordemailsubject"><![CDATA[Запрошен сброс пароля для %s ]]></phrase>
<phrase section="users" code="lostpasswordresetdesc"><![CDATA[Введите новый пароль ниже и нажмите кнопку Отправить, для смены пароля]]></phrase>
<phrase section="users" code="lostpasswordtitle"><![CDATA[Забыли пароль?]]></phrase>
<phrase section="users" code="lpinvalidemail"><![CDATA[Невозможно найти пользователя с e-mail "%s"]]></phrase>
<phrase section="users" code="lprequestsent"><![CDATA[Ссылка для сброса пароля была отправлена на "%s"]]></phrase>
<phrase section="users" code="lpsuccess"><![CDATA[Пароль успешно обновлен; Вы можете войти используя новые данные.]]></phrase>
<phrase section="livechatclient" code="lsbacksoon"><![CDATA[Чат скоро будет доступен]]></phrase>
<phrase section="livechatclient" code="lsisaway"><![CDATA[Чат недоступен]]></phrase>
<phrase section="default" code="machangepassword"><![CDATA[Сменить пароль]]></phrase>
<phrase section="default" code="malogout"><![CDATA[Выйти]]></phrase>
<phrase section="default" code="maorganization"><![CDATA[Моя организация]]></phrase>
<phrase section="default" code="mapreferences"><![CDATA[Настройки]]></phrase>
<phrase section="default" code="maprofile"><![CDATA[Мой профиль]]></phrase>
<phrase section="default" code="mb"><![CDATA[МБ]]></phrase>
<phrase section="default" code="module_notreg"><![CDATA[Модуль %s не зарегистрирован]]></phrase>
<phrase section="knowledgebase" code="mostpopular"><![CDATA[Самые популярные]]></phrase>
<phrase section="mime" code="mov"><![CDATA[QuickTime видео]]></phrase>
<phrase section="mime" code="mp3"><![CDATA[MPEG аудио]]></phrase>
<phrase section="mime" code="mpeg"><![CDATA[MPEG видео]]></phrase>
<phrase section="mime" code="mpg"><![CDATA[MPEG видео]]></phrase>
<phrase section="default" code="myaccount"><![CDATA[Аккаунт]]></phrase>
<phrase section="users" code="myorganization"><![CDATA[Моя организация]]></phrase>
<phrase section="default" code="na"><![CDATA[- НЕТ -]]></phrase>
<phrase section="news" code="newerposts"><![CDATA[Новые сообщения &raquo;]]></phrase>
<phrase section="users" code="newpassword"><![CDATA[Новый пароль:]]></phrase>
<phrase section="users" code="newpasswordrepeat"><![CDATA[Новый пароль (повторите):]]></phrase>
<phrase section="users" code="newpwdoesnotmatch"><![CDATA[Пароли не совпадают.]]></phrase>
<phrase section="users" code="newpwupdated"><![CDATA[Пароль пользователя успешно обновлен.]]></phrase>
<phrase section="news" code="news"><![CDATA[Новости]]></phrase>
<phrase section="news" code="newsnotfound"><![CDATA[Новостей не найдено.]]></phrase>
<phrase section="default" code="no"><![CDATA[Нет]]></phrase>
<phrase section="default" code="noinfoinview"><![CDATA[Нет информации для просмотра]]></phrase>
<phrase section="default" code="nopermission"><![CDATA[Невозможно продолжить. У вас нет прав для выполнения этого действия.]]></phrase>
<phrase section="default" code="nosearchresults"><![CDATA[Ничего не найдено]]></phrase>
<phrase section="news" code="nwsubconfirmsub"><![CDATA[Подписка на новости подтверждена]]></phrase>
<phrase section="news" code="nwsubconintro"><![CDATA[Ваша подписка на новости подтверждена. Вы будете получать уведомление при добавлении новых новостей.
Вы можете в любой момент отказаться от подписки, нажав на ссылку ниже]]></phrase>
<phrase section="news" code="nwsubfooter"><![CDATA[Дайте нам знать, если требуется дополнительная информация]]></phrase>
<phrase section="news" code="nwsubintro"><![CDATA[Спасибо за подписку на наш новостной канал. Теперь подтвердите вашу подписку на получение новостей нажав на ссылку ниже.]]></phrase>
<phrase section="news" code="nwvalidatesubscriptionsub"><![CDATA[Подтвердите вашу подписку на новости]]></phrase>
<phrase section="livechatclient" code="offline"><![CDATA[Не в сети]]></phrase>
<phrase section="news" code="olderposts"><![CDATA[&laquo; Старые сообщения]]></phrase>
<phrase section="default" code="on"><![CDATA[в]]></phrase>
<phrase section="livechatclient" code="online"><![CDATA[В сети]]></phrase>
<phrase section="livechatclient" code="onsiterequest"><![CDATA[Разрешите оператору помочь вам, скачайте "Программу удаленной поддержки" кликнув по ссылке ниже. Эта программа позволяет оператору временно управлять вашим компьютером. Вы можете остановить в любое время, зажав Control(Ctrl) и нажав F1 .]]></phrase>
<phrase section="livechatclient" code="onsiterequesttitle"><![CDATA[Оператор может управлять вашей клавиатурой и мышкой]]></phrase>
<phrase section="livechatclient" code="onsitewindows"><![CDATA[Кликните здесь, для загрузки  "Программу удаленной поддержки" для Windows]]></phrase>
<phrase section="users" code="orgaddress"><![CDATA[Адрес:]]></phrase>
<phrase section="users" code="orgcity"><![CDATA[Город:]]></phrase>
<phrase section="users" code="orgcountry"><![CDATA[Страна:]]></phrase>
<phrase section="users" code="orgfax"><![CDATA[Факс:]]></phrase>
<phrase section="users" code="orgname"><![CDATA[Название организации:]]></phrase>
<phrase section="users" code="orgphone"><![CDATA[Телефон:]]></phrase>
<phrase section="users" code="orgprofile"><![CDATA[Профиль организации]]></phrase>
<phrase section="users" code="orgstate"><![CDATA[Регион:]]></phrase>
<phrase section="users" code="orgupdated"><![CDATA[Профиль вашей организации успешно обновлен]]></phrase>
<phrase section="users" code="orgwebsite"><![CDATA[Сайт:]]></phrase>
<phrase section="users" code="orgzip"><![CDATA[Индекс:]]></phrase>
<phrase section="users" code="passworddetails"><![CDATA[Данные о пароле]]></phrase>
<phrase section="mime" code="pdf"><![CDATA[PDF документ]]></phrase>
<phrase section="livechatclient" code="peopleaheadinqueue"><![CDATA[В данный момент вы стоите в очереди на сеанс поддержки, пользователей перед вами: %s.]]></phrase>
<phrase section="mime" code="php"><![CDATA[PHP скрипт]]></phrase>
<phrase section="default" code="pleasetypeyourquery"><![CDATA[Введите ваш поисковый запрос]]></phrase>
<phrase section="default" code="pleasetypeyourquestion"><![CDATA[Введите ваш вопрос]]></phrase>
<phrase section="livechatclient" code="pleasewaitoperator"><![CDATA[Пожалуйста подождите, оператор ответит в ближайшее время.]]></phrase>
<phrase section="mime" code="png"><![CDATA[PNG изображение]]></phrase>
<phrase section="default" code="postedby"><![CDATA[Отправлено]]></phrase>
<phrase section="default" code="postnewcomment"><![CDATA[Отправить новый комментарий]]></phrase>
<phrase section="default" code="poweredby"><![CDATA[Работает на Kayako %s - Система поддержки]]></phrase>
<phrase section="mime" code="ppt"><![CDATA[Документ PowerPoint]]></phrase>
<phrase section="mime" code="pptx"><![CDATA[Документ PowerPoint]]></phrase>
<phrase section="users" code="praddemail"><![CDATA[Добавить e-mail]]></phrase>
<phrase section="users" code="preferencestitle"><![CDATA[Настройки]]></phrase>
<phrase section="users" code="prenabledst"><![CDATA[Включить переход на летнее время:]]></phrase>
<phrase section="users" code="prfullname"><![CDATA[Полное имя:]]></phrase>
<phrase section="default" code="private"><![CDATA[[ Личное ]]]></phrase>
<phrase section="users" code="prlanguage"><![CDATA[Язык:]]></phrase>
<phrase section="users" code="prnoemailprovided"><![CDATA[Укажите хотя бы один верный e-mail]]></phrase>
<phrase section="livechatclient" code="proactivechatnow"><![CDATA[Начать чат]]></phrase>
<phrase section="livechatclient" code="proactivemsg"><![CDATA[Наши сотрудники готовы вам помочь. Нажмите кнопку "Начать чат", чтобы получить помощь немедленно]]></phrase>
<phrase section="livechatclient" code="proactivetitle"><![CDATA[Могу я вам помочь?]]></phrase>
<phrase section="livechatclient" code="proactivevisitorname"><![CDATA[Посетитель]]></phrase>
<phrase section="users" code="profiledetails"><![CDATA[Данные профиля]]></phrase>
<phrase section="users" code="profiletitle"><![CDATA[Мой профиль]]></phrase>
<phrase section="users" code="prorganization"><![CDATA[Организация:]]></phrase>
<phrase section="users" code="prphone"><![CDATA[Телефонный номер:]]></phrase>
<phrase section="users" code="prprofileimage"><![CDATA[Аватар:]]></phrase>
<phrase section="users" code="prprofileupdate"><![CDATA[Ваш аватар успешно обновлен]]></phrase>
<phrase section="users" code="prtimezone"><![CDATA[Часовой пояс:]]></phrase>
<phrase section="users" code="prtitleposition"><![CDATA[Заголовок/Позиция:]]></phrase>
<phrase section="users" code="prupdated"><![CDATA[Ваши настройки успешно обновлены]]></phrase>
<phrase section="users" code="pwhidden"><![CDATA[[ Скрыто ]]]></phrase>
<phrase section="mime" code="ram"><![CDATA[Real Audio файл]]></phrase>
<phrase section="mime" code="rar"><![CDATA[RAR файл]]></phrase>
<phrase section="default" code="readmore"><![CDATA[Читать полностью &raquo;]]></phrase>
<phrase section="knowledgebase" code="recentarticles"><![CDATA[Последние статьи]]></phrase>
<phrase section="users" code="regemail"><![CDATA[E-mail:]]></phrase>
<phrase section="users" code="regemailregistered"><![CDATA[E-mail уже зарегистрирован. Если вы потеряли пароль, воспользуйтесь службой восстановления пароля или укажите другой e-mail.]]></phrase>
<phrase section="users" code="regemailregisteredsmall"><![CDATA[E-mail "%s" уже зарегистрирован.]]></phrase>
<phrase section="ticketemails" code="regemailrejectfooter"><![CDATA[После регистрации, вы можете пользоваться системой без ограничений. Приносим извинения за возможные неудобства]]></phrase>
<phrase section="ticketemails" code="regemailrejectintro"><![CDATA[Ваш тикет не допущен системой. Для создания тикета зарегистрируйтесь по следующей ссылке:]]></phrase>
<phrase section="ticketemails" code="regemailrejectsub"><![CDATA[Невозможно создать тикет: требуется регистрация]]></phrase>
<phrase section="users" code="regfullname"><![CDATA[Полное имя:]]></phrase>
<phrase section="users" code="reginvalidemail"><![CDATA[Указан неверный e-mail]]></phrase>
<phrase section="users" code="registerdesc"><![CDATA[Заполните все поля ниже, для регистрации аккаунта. После регистрации нужно подтвердить ваш e-mail.]]></phrase>
<phrase section="users" code="registeremailsubject"><![CDATA[Добро пожаловать в %s]]></phrase>
<phrase section="users" code="registeremailvalidationsubject"><![CDATA[Регистрация в %s]]></phrase>
<phrase section="users" code="registersuccessemail"><![CDATA[Это сообщение подтверждает успешную регистрацию в системе поддержки.

Регистрационный e-mail: %3$s
Пароль: [Скрыто]

Вы можете посетить систему поддержки в любое время, перейдя по ссылке: %2$s

Сообщите нам, если у вас есть вопросы.

С уважением,


%1$s]]></phrase>
<phrase section="users" code="registersuccesstitle"><![CDATA[Регистрация завершена]]></phrase>
<phrase section="users" code="registertitle"><![CDATA[Создать новый аккаунт]]></phrase>
<phrase section="users" code="registervalidateemail"><![CDATA[Мы получили вашу заявку на регистрацию %1$s в (%2$s).

Для того,чтобы воспользоваться системой в полной мере,подтвердите ваш e-mail,перейдя по следующей ссылке:

%3$s

Если вы считаете,что получили это сообщение по ошибке,удалите его.

С уважением,


%1$s]]></phrase>
<phrase section="users" code="registerwelcomeemail"><![CDATA[Это сообщение служит подтверждением того, что вы успешно зарегистрированы в нашей системе поддержки.

Регистрационный e-mail: %3$s
Пароль: %4$s

Вы можете посетить систему поддержки в любое время, перейдя по ссылке: %2$s

Сообщите нам, если у вас есть какие-либо вопросы.

С уважением,


%1$s]]></phrase>
<phrase section="users" code="registrationdetails"><![CDATA[Данные регистрации]]></phrase>
<phrase section="users" code="regpassword"><![CDATA[Пароль:]]></phrase>
<phrase section="users" code="regpasswordrepeat"><![CDATA[Пароль (повторите):]]></phrase>
<phrase section="users" code="regpwnomatch"><![CDATA[Пароли не совпадают.]]></phrase>
<phrase section="users" code="regsignup"><![CDATA[Регистрация]]></phrase>
<phrase section="users" code="regsuccessdesc"><![CDATA[Спасибо за регистрацию. Письмо с копией регистрационных данных было отправлено на ваш e-mail. Войдите в систему используя форму сбоку]]></phrase>
<phrase section="default" code="rememberme"><![CDATA[Запомнить меня]]></phrase>
<phrase section="default" code="reply"><![CDATA[Ответить]]></phrase>
<phrase section="default" code="requiredfieldempty"><![CDATA[Одно из требуемых полей не заполнено]]></phrase>
<phrase section="default" code="rssfeed"><![CDATA[RSS лента]]></phrase>
<phrase section="mime" code="rtf"><![CDATA[RTF файл]]></phrase>
<phrase section="default" code="salutationdr"><![CDATA[Доктор]]></phrase>
<phrase section="default" code="salutationmiss"><![CDATA[Г-жа]]></phrase>
<phrase section="default" code="salutationmr"><![CDATA[Мистер.]]></phrase>
<phrase section="default" code="salutationmrs"><![CDATA[Миссис]]></phrase>
<phrase section="default" code="searchbutton"><![CDATA[Поиск]]></phrase>
<phrase section="default" code="searchresults"><![CDATA[Результаты поиска]]></phrase>
<phrase section="tickets" code="selectdepartmentdesc"><![CDATA[Если, вы не можете найти решение вашей проблемы в базе знаний, отправьте нам тикет, выбрав соответствующий отдел]]></phrase>
<phrase section="tickets" code="selectdepartmenttitle"><![CDATA[Выберите отдел]]></phrase>
<phrase section="livechatclient" code="send"><![CDATA[Отправить]]></phrase>
<phrase section="tickets" code="st_department"><![CDATA[Отдел]]></phrase>
<phrase section="tickets" code="st_email"><![CDATA[E-mail]]></phrase>
<phrase section="tickets" code="st_fullname"><![CDATA[Полное имя]]></phrase>
<phrase section="tickets" code="st_messagedetails"><![CDATA[Детали сообщения]]></phrase>
<phrase section="tickets" code="st_priority"><![CDATA[Приоритет]]></phrase>
<phrase section="tickets" code="st_subject"><![CDATA[Тема]]></phrase>
<phrase section="tickets" code="st_subjectconfirm"><![CDATA[Тема: ]]></phrase>
<phrase section="tickets" code="st_ticketid"><![CDATA[ID тикета]]></phrase>
<phrase section="tickets" code="st_type"><![CDATA[Тип]]></phrase>
<phrase section="tickets" code="st_yourcomments"><![CDATA[Комментарии]]></phrase>
<phrase section="tickets" code="st_yourfeedback"><![CDATA[Ваши отзывы]]></phrase>
<phrase section="livechatclient" code="staffnotacceptedchat"><![CDATA[Ваше сообщение не отправлено. Дождитесь момента, когда оператор примет ваш запрос.]]></phrase>
<phrase section="tickets" code="sterr_invaliddepartment"><![CDATA[Указан неверный отдел; Начните сначала.]]></phrase>
<phrase section="tickets" code="sterr_invalidpriority"><![CDATA[Указан неверный приоритет тикета; Начните сначала.]]></phrase>
<phrase section="tickets" code="sterr_invalidtype"><![CDATA[Указан неверный тип тикета; Начните сначала.]]></phrase>
<phrase section="tickets" code="submitticketdepartments"><![CDATA[Отделы]]></phrase>
<phrase section="default" code="subscribe"><![CDATA[Подписаться]]></phrase>
<phrase section="news" code="subscriberregistered"><![CDATA[%s уже подписан на канал новостей.]]></phrase>
<phrase section="default" code="supportcenterfield"><![CDATA[Система поддержки:]]></phrase>
<phrase section="livechatclient" code="surveyconfirmheader"><![CDATA[Спасибо за отзыв, теперь можете закрыть окно]]></phrase>
<phrase section="ticketemails" code="surveycta"><![CDATA[Чтобы оставить отзыв, кликните по следующей ссылке: ]]></phrase>
<phrase section="tickets" code="surveydesc"><![CDATA[Спасибо за ваш отзыв. Ваше мнение очень важно для нас, мы постараемся улучшить наш сервис]]></phrase>
<phrase section="ticketemails" code="surveydescription1"><![CDATA[В рамках улучшения нашего сервиса, мы хотим знать, чтобы думаете о уровне сервисе]]></phrase>
<phrase section="ticketemails" code="surveydescription2"><![CDATA[Вам предлагается на выбор несколько вариантов удовлетворенности сервисом]]></phrase>
<phrase section="ticketemails" code="surveydescription3"><![CDATA[Это займет у вас не более минуты (обещаем :) ).]]></phrase>
<phrase section="ticketemails" code="surveyfooter"><![CDATA[Заранее спасибо,]]></phrase>
<phrase section="livechatclient" code="surveyheader"><![CDATA[Ваш отзыв очень важен для нас. Оцените работу сервиса заполнив форму ниже]]></phrase>
<phrase section="ticketemails" code="surveyintro"><![CDATA[Это сообщение касается вашего последнего тикета]]></phrase>
<phrase section="ticketemails" code="surveysubfooter"><![CDATA[Ваш отзыв очень важен для нас. Спасибо]]></phrase>
<phrase section="mime" code="swf"><![CDATA[Macromedia Flash файл]]></phrase>
<phrase section="tickets" code="taddfile"><![CDATA[Добавить файл]]></phrase>
<phrase section="mime" code="tar"><![CDATA[TAR файл]]></phrase>
<phrase section="news" code="thankyousubscriber"><![CDATA[Спасибо за подписку на наш канал новостей.]]></phrase>
<phrase section="news" code="thankyousubscribervalidate"><![CDATA[Спасибо. Подтвердите ваш e-mail.]]></phrase>
<phrase section="tickets" code="thankyousurvey"><![CDATA[Спасибо за ваш отзыв!]]></phrase>
<phrase section="ticketemails" code="thattachments"><![CDATA[Вложения]]></phrase>
<phrase section="ticketemails" code="thbcc"><![CDATA[Получатель (Скрытая копия)]]></phrase>
<phrase section="ticketemails" code="thcc"><![CDATA[Получатель (Копия)]]></phrase>
<phrase section="ticketemails" code="thclient"><![CDATA[Клиент]]></phrase>
<phrase section="ticketemails" code="thpostedon"><![CDATA[Отправлено:]]></phrase>
<phrase section="ticketemails" code="threcipient"><![CDATA[Получатель]]></phrase>
<phrase section="ticketemails" code="thstaff"><![CDATA[Поддержка]]></phrase>
<phrase section="ticketemails" code="ththirdparty"><![CDATA[Третьи лица]]></phrase>
<phrase section="ticketemails" code="ticketdetails"><![CDATA[Детали тикета]]></phrase>
<phrase section="ticketemails" code="tickethistory"><![CDATA[История тикета]]></phrase>
<phrase section="tickets" code="ticketpermdenied"><![CDATA[Неверный ID тикета или у вас нет доступа к данному тикету]]></phrase>
<phrase section="tickets" code="ticketsubmitteddesc"><![CDATA[Мы получили ваш запрос,наши операторы свяжутся с вами в ближайшее время]]></phrase>
<phrase section="tickets" code="ticketsubmittedtitle"><![CDATA[Ваш запрос был отправлен]]></phrase>
<phrase section="tickets" code="ticketsurveytickettitle"><![CDATA[Отзыв: #]]></phrase>
<phrase section="tickets" code="ticketviewticketidtitle"><![CDATA[Просмотр тикета: #]]></phrase>
<phrase section="tickets" code="ticketviewtickettitle"><![CDATA[Просмотр тикетов]]></phrase>
<phrase section="tickets" code="tldepartment"><![CDATA[Отдел]]></phrase>
<phrase section="tickets" code="tllastreplier"><![CDATA[Последний ответ]]></phrase>
<phrase section="tickets" code="tllastupdate"><![CDATA[Последнее обновление]]></phrase>
<phrase section="tickets" code="tlpriority"><![CDATA[Приоритет]]></phrase>
<phrase section="tickets" code="tlstatus"><![CDATA[Статус]]></phrase>
<phrase section="tickets" code="tlticketid"><![CDATA[ID тикета]]></phrase>
<phrase section="tickets" code="tltype"><![CDATA[Тип]]></phrase>
<phrase section="tickets" code="tpemailforwardedto"><![CDATA[Возвращено: %s]]></phrase>
<phrase section="tickets" code="tpemailto"><![CDATA[Отправлено на: %s]]></phrase>
<phrase section="tickets" code="tppostedon"><![CDATA[Написано: %s]]></phrase>
<phrase section="tickets" code="trash"><![CDATA[Корзина]]></phrase>
<phrase section="troubleshooter" code="trattachments"><![CDATA[Вложение]]></phrase>
<phrase section="troubleshooter" code="trback"><![CDATA[&laquo; Назад]]></phrase>
<phrase section="troubleshooter" code="trcategoryviews"><![CDATA[ (%d просмотров)]]></phrase>
<phrase section="troubleshooter" code="trnext"><![CDATA[Далее &raquo;]]></phrase>
<phrase section="troubleshooter" code="trnextsteps"><![CDATA[Следующие шаги]]></phrase>
<phrase section="troubleshooter" code="troubleshooter"><![CDATA[Устранение неполадок]]></phrase>
<phrase section="troubleshooter" code="troubleshooterdesc"><![CDATA[Средство устранения неполадок позволяет в пошаговом режиме решить вашу проблему. Сначала выберите категорию проблемы]]></phrase>
<phrase section="mime" code="txt"><![CDATA[Текстовый файл]]></phrase>
<phrase section="default" code="unable_to_execute"><![CDATA[Невозможно выполнить %s]]></phrase>
<phrase section="tickets" code="unassigned"><![CDATA[Не прикреплен]]></phrase>
<phrase section="tickets" code="updatedticketproperties"><![CDATA[Параметры тикета успешно обновлены]]></phrase>
<phrase section="tickets" code="uploadfiles"><![CDATA[Загрузить файл(ы)]]></phrase>
<phrase section="users" code="userfirstprompt"><![CDATA[Успешный вход. Введите информацию о профиле ниже.]]></phrase>
<phrase section="ticketemails" code="validationemailrejectfooter"><![CDATA[Чтобы воспользоваться системой с полными права, подтвердите e-mail. Приносим извинения за возможные неудобства]]></phrase>
<phrase section="ticketemails" code="validationemailrejectsub"><![CDATA[Аккаунт не подтвержден: невозможно создать тикет]]></phrase>
<phrase section="ticketemails" code="validationmailrejectintro_generic"><![CDATA[Ваш тикет был отклонен системой. Сначала подтвердите ваш e-mail]]></phrase>
<phrase section="ticketemails" code="validationmailrejectintro_staff"><![CDATA[Ваш тикет был отклонен системой. Сначала ваш аккаунт должен быть одобрен администратором, до этого момента вы не можете посылать e-mail сообщения в систему технической поддержки]]></phrase>
<phrase section="users" code="validationpendingesc"><![CDATA[Спасибо за регистрацию. На ваш e-mail было отправлено письмо с ссылкой на активацию e-mail]]></phrase>
<phrase section="users" code="validationpendingtitle"><![CDATA[Требуется подтверждение e-mail]]></phrase>
<phrase section="default" code="vardate1"><![CDATA[%dд %dч %dм]]></phrase>
<phrase section="default" code="vardate2"><![CDATA[%dч %dм %dс]]></phrase>
<phrase section="default" code="vardate3"><![CDATA[%dм %dс]]></phrase>
<phrase section="default" code="vardate4"><![CDATA[%dс]]></phrase>
<phrase section="users" code="verifyregistration"><![CDATA[Подтвержедние регистрации]]></phrase>
<phrase section="tickets" code="verifyticketsubmission"><![CDATA[Проверка тикета]]></phrase>
<phrase section="default" code="viewallnews"><![CDATA[Просмотр всех новостей]]></phrase>
<phrase section="tickets" code="viewresolvedt"><![CDATA[Просмотр разрешенных тикетов]]></phrase>
<phrase section="tickets" code="vtcreated"><![CDATA[Создан:]]></phrase>
<phrase section="tickets" code="vtdepartment"><![CDATA[Отдел]]></phrase>
<phrase section="tickets" code="vtowner"><![CDATA[Владелец]]></phrase>
<phrase section="tickets" code="vtpostreply"><![CDATA[Отправить ответ]]></phrase>
<phrase section="tickets" code="vtpriority"><![CDATA[Приоритет]]></phrase>
<phrase section="tickets" code="vtstatus"><![CDATA[Статус]]></phrase>
<phrase section="tickets" code="vttype"><![CDATA[тип]]></phrase>
<phrase section="tickets" code="vtupdated"><![CDATA[Обновлен:]]></phrase>
<phrase section="ticketemails" code="watcherprefix"><![CDATA[%s (%s) ответил:]]></phrase>
<phrase section="mime" code="wav"><![CDATA[WAV файл]]></phrase>
<phrase section="default" code="widgetdownloads"><![CDATA[Загрузки]]></phrase>
<phrase section="default" code="widgethome"><![CDATA[Главная страница]]></phrase>
<phrase section="default" code="widgetknowledgebase"><![CDATA[База знаний]]></phrase>
<phrase section="default" code="widgetnews"><![CDATA[Новости]]></phrase>
<phrase section="default" code="widgetregister"><![CDATA[Регистрация]]></phrase>
<phrase section="default" code="widgetsubmitticket"><![CDATA[Создать тикет]]></phrase>
<phrase section="default" code="widgettroubleshooter"><![CDATA[Устранение проблем]]></phrase>
<phrase section="default" code="widgetviewtickets"><![CDATA[Просмотр тикетов]]></phrase>
<phrase section="mime" code="xls"><![CDATA[Excel файл]]></phrase>
<phrase section="mime" code="xlsx"><![CDATA[Excel файл]]></phrase>
<phrase section="default" code="yes"><![CDATA[Да]]></phrase>
<phrase section="tickets" code="yourticketdetailsdesc"><![CDATA[Ввидете данные тикета в поле ниже. Если вы сообщаете о проблеме, попытайтесь указать как можно больше информации по данному вопросу.]]></phrase>
<phrase section="tickets" code="yourticketdetailstitle"><![CDATA[Данные вашего тикета]]></phrase>
<phrase section="mime" code="zip"><![CDATA[ZIP файл]]></phrase>
</swiftlanguage>
